Workbook

Sheet data
A1: Country | B1: Year | C1: Energy Source | D1: Production (GWh) | E1: Revenue ($M) | F1: CO2 Emissions (tons) | G1: Budget Revenue ($M) | H1: ESG Score
A2: USA | B2: 2019 | C2: Oil | D2: 4000 | E2: 320 | F2: 9000 | G2: 300 | H2: 62
A3: USA | B3: 2019 | C3: Gas | D3: 3500 | E3: 280 | F3: 7000 | G3: 260 | H3: 62
A4: USA | B4: 2019 | C4: Coal | D4: 3000 | E4: 200 | F4: 11000 | G4: 220 | H4: 62
A5: USA | B5: 2019 | C5: Solar | D5: 800 | E5: 90 | F5: 500 | G5: 80 | H5: 62
A6: USA | B6: 2019 | C6: Wind | D6: 900 | E6: 100 | F6: 400 | G6: 90 | H6: 62
A7: USA | B7: 2020 | C7: Oil | D7: 3800 | E7: 300 | F7: 8800 | G7: 310 | H7: 63
A8: USA | B8: 2020 | C8: Gas | D8: 3600 | E8: 290 | F8: 7100 | G8: 270 | H8: 63
A9: USA | B9: 2020 | C9: Coal | D9: 2800 | E9: 180 | F9: 10500 | G9: 210 | H9: 63
A10: USA | B10: 2020 | C10: Solar | D10: 900 | E10: 100 | F10: 450 | G10: 85 | H10: 63
A11: USA | B11: 2020 | C11: Wind | D11: 1000 | E11: 110 | F11: 350 | G11: 95 | H11: 63
A12: USA | B12: 2021 | C12: Oil | D12: 3900 | E12: 330 | F12: 8900 | G12: 320 | H12: 64
A13: USA | B13: 2021 | C13: Gas | D13: 3700 | E13: 300 | F13: 7200 | G13: 280 | H13: 64
... A76: Nigeria | B76: 2023 | C76: Wind | D76: 200 | E76: 40 | F76: 120 | G76: 50 | H76: 54

Sheet instructions
A1: You are analyzing this dataset in Excel for a public-facing energy report.
A3: Use the EITI data visualization style guide as a reference.
A5: For each question below:
A6: - Identify whether the goal is comparison, composition, correlation, or distribution
A7: - Select the appropriate chart type based on the guide
A8: - Create the chart and add it to the workbook on a new sheet called "Visuals"
A9: - Briefly explain why that chart is correct according to the guide
A11: Questions:
A12: 1. How has energy production changed over time by source?
A13: 2. What is the energy mix by country in 2023?
A14: 3. Which countries generate high revenue but also high emissions?
A15: 4. How do ESG scores vary across countries?
A17: Be concise and practical.

Sheet Visuals
A1: Chart 1: Energy Production Over Time by Source
A3: Year | B3: Oil | C3: Gas | D3: Coal | E3: Solar | F3: Wind
A4: 2019 | B4: =SUMIFS(data!D:D,data!B:B,A4,data!C:C,"Oil") -> 9500 | C4: =SUMIFS(data!D:D,data!B:B,A4,data!C:C,"Gas") -> 7700 | D4: =SUMIFS(data!D:D,data!B:B,A4,data!C:C,"Coal") -> 3700 | E4: =SUMIFS(data!D:D,data!B:B,A4,data!C:C,"Solar") -> 1300 | F4: =SUMIFS(data!D:D,data!B:B,A4,data!C:C,"Wind") -> 1700
A5: 2020 | B5: =SUMIFS(data!D:D,data!B:B,A5,data!C:C,"Oil") -> 9100 | C5: =SUMIFS(data!D:D,data!B:B,A5,data!C:C,"Gas") -> 8000 | D5: =SUMIFS(data!D:D,data!B:B,A5,data!C:C,"Coal") -> 3400 | E5: =SUMIFS(data!D:D,data!B:B,A5,data!C:C,"Solar") -> 1500 | F5: =SUMIFS(data!D:D,data!B:B,A5,data!C:C,"Wind") -> 1920
A6: 2021 | B6: =SUMIFS(data!D:D,data!B:B,A6,data!C:C,"Oil") -> 9600 | C6: =SUMIFS(data!D:D,data!B:B,A6,data!C:C,"Gas") -> 8300 | D6: =SUMIFS(data!D:D,data!B:B,A6,data!C:C,"Coal") -> 3100 | E6: =SUMIFS(data!D:D,data!B:B,A6,data!C:C,"Solar") -> 1800 | F6: =SUMIFS(data!D:D,data!B:B,A6,data!C:C,"Wind") -> 2250
A7: 2022 | B7: =SUMIFS(data!D:D,data!B:B,A7,data!C:C,"Oil") -> 10000 | C7: =SUMIFS(data!D:D,data!B:B,A7,data!C:C,"Gas") -> 8600 | D7: =SUMIFS(data!D:D,data!B:B,A7,data!C:C,"Coal") -> 2830 | E7: =SUMIFS(data!D:D,data!B:B,A7,data!C:C,"Solar") -> 2100 | F7: =SUMIFS(data!D:D,data!B:B,A7,data!C:C,"Wind") -> 2580
A8: 2023 | B8: =SUMIFS(data!D:D,data!B:B,A8,data!C:C,"Oil") -> 10300 | C8: =SUMIFS(data!D:D,data!B:B,A8,data!C:C,"Gas") -> 8900 | D8: =SUMIFS(data!D:D,data!B:B,A8,data!C:C,"Coal") -> 2550 | E8: =SUMIFS(data!D:D,data!B:B,A8,data!C:C,"Solar") -> 2400 | F8: =SUMIFS(data!D:D,data!B:B,A8,data!C:C,"Wind") -> 2900
A11: Chart 2: Energy Mix by Country in 2023
A13: Country | B13: Oil | C13: Gas | D13: Coal | E13: Solar | F13: Wind
A14: USA | B14: =SUMIFS(data!D:D,data!A:A,A14,data!B:B,2023,data!C:C,"Oil") -> 4200 | C14: =SUMIFS(data!D:D,data!A:A,A14,data!B:B,2023,data!C:C,"Gas") -> 3900 | D14: =SUMIFS(data!D:D,data!A:A,A14,data!B:B,2023,data!C:C,"Coal") -> 2200 | E14: =SUMIFS(data!D:D,data!A:A,A14,data!B:B,2023,data!C:C,"Solar") -> 1500 | F14: =SUMIFS(data!D:D,data!A:A,A14,data!B:B,2023,data!C:C,"Wind") -> 1600
A15: Norway | B15: =SUMIFS(data!D:D,data!A:A,A15,data!B:B,2023,data!C:C,"Oil") -> 2800 | C15: =SUMIFS(data!D:D,data!A:A,A15,data!B:B,2023,data!C:C,"Gas") -> 2600 | D15: =SUMIFS(data!D:D,data!A:A,A15,data!B:B,2023,data!C:C,"Coal") -> 50 | E15: =SUMIFS(data!D:D,data!A:A,A15,data!B:B,2023,data!C:C,"Solar") -> 500 | F15: =SUMIFS(data!D:D,data!A:A,A15,data!B:B,2023,data!C:C,"Wind") -> 1100
A16: Nigeria | B16: =SUMIFS(data!D:D,data!A:A,A16,data!B:B,2023,data!C:C,"Oil") -> 3300 | C16: =SUMIFS(data!D:D,data!A:A,A16,data!B:B,2023,data!C:C,"Gas") -> 2400 | D16: =SUMIFS(data!D:D,data!A:A,A16,data!B:B,2023,data!C:C,"Coal") -> 300 | E16: =SUMIFS(data!D:D,data!A:A,A16,data!B:B,2023,data!C:C,"Solar") -> 400 | F16: =SUMIFS(data!D:D,data!A:A,A16,data!B:B,2023,data!C:C,"Wind") -> 200
A19: Chart 3: Revenue vs CO2 Emissions by Country (2023)
A21: Country | B21: Total Revenue ($M) | C21: Total CO2 Emissions (tons)
A22: USA | B22: =SUMIFS(data!E:E,data!A:A,A22,data!B:B,2023) -> 1200 | C22: =SUMIFS(data!F:F,data!A:A,A22,data!B:B,2023) -> 26600
A23: Norway | B23: =SUMIFS(data!E:E,data!A:A,A23,data!B:B,2023) -> 910 | C23: =SUMIFS(data!F:F,data!A:A,A23,data!B:B,2023) -> 10700
A24: Nigeria | B24: =SUMIFS(data!E:E,data!A:A,A24,data!B:B,2023) -> 580 | C24: =SUMIFS(data!F:F,data!A:A,A24,data!B:B,2023) -> 14640
A27: Chart 4: ESG Scores by Country (2023)
A29: Country | B29: ESG Score
A30: USA | B30: =AVERAGEIFS(data!H:H,data!A:A,A30,data!B:B,2023) -> 66
A31: Norway | B31: =AVERAGEIFS(data!H:H,data!A:A,A31,data!B:B,2023) -> 82
A32: Nigeria | B32: =AVERAGEIFS(data!H:H,data!A:A,A32,data!B:B,2023) -> 54
